line,incidents,delay_minutes,avg_delay_minutes
YU,23134,65506,2.8315898677271547
BD,19758,51508,2.6069440226743597
SHP,1772,4954,2.795711060948081
506 CARLTON,1,38,38.0
504 KING,1,33,33.0
62 MORTIMER,1,14,14.0
76 ROYAL YORK SOUTH,1,10,10.0
Unknown,177,8,0.04519774011299435
116 MORNINGSIDE,1,0,0.0
29 DUFFERIN,1,0,0.0
47 LANSDOWNE,1,0,0.0
50 BURNHAMTHORPE,1,0,0.0
508 LAKESHORE,1,0,0.0
95 YORK MILLS,1,0,0.0
BD/YU,7,0,0.0
BD/YUS,5,0,0.0
EC,2,0,0.0
BD/YUS/SHP/FWLRT/ECLRT,1,0,0.0
LINE 1,1,0,0.0
LINE 2 - BLOOR DANFORT,1,0,0.0
999,1,0,0.0
60 STEELES WEST,1,0,0.0
SRT,5,0,0.0
LINE 2 BLOOR-DANFORTH,1,0,0.0
TRANSIT CONTROL,1,0,0.0
WOODBINE STN,1,0,0.0
YU -BD LINES,1,0,0.0
YU / BD,2,0,0.0
YU/ BD,4,0,0.0
YU/BD,470,0,0.0
YU/BD LINES,2,0,0.0
YU/BD/SHP,11,0,0.0
YUS,13,0,0.0
YUS / BD,2,0,0.0
YUS/ BD,3,0,0.0
YUS/ BD/ SHP,1,0,0.0
YUS/BD,87,0,0.0
YUS/BD/SHP,1,0,0.0
