month,incidents,delay_minutes,avg_delay_minutes,median_delay_minutes
2025-01,2106,6381,3.02991452991453,0.0
2025-02,2274,8766,3.8548812664907652,0.0
2025-03,1986,6305,3.17472306143001,0.0
2025-04,2117,6055,2.86017949929145,0.0
2025-05,2175,5432,2.497471264367816,0.0
2025-06,1941,5117,2.6362699639361153,0.0
2025-07,2122,5597,2.63760603204524,0.0
2025-08,2719,5127,1.8856197131298271,0.0
2025-09,1813,4193,2.312741312741313,0.0
2025-10,2027,5150,2.5407005426739024,0.0
2025-11,2215,6187,2.7932279909706548,0.0
2025-12,2242,6458,2.880463871543265,0.0
2026-01,2481,12376,4.988311164852882,0.0
2026-02,2048,5816,2.83984375,0.0
2026-03,2400,5789,2.4120833333333334,0.0
2026-04,2719,7205,2.649871276204487,0.0
2026-05,2633,5617,2.133308013672617,0.0
2026-06,2638,5571,2.111827141774071,0.0
2026-07,2513,4782,1.9029048945483487,0.0
2026-08,2306,4147,1.7983521248915872,0.0
