hour,user_type,trips
0,Casual,909
0,Member,5084
1,Casual,726
1,Member,3066
2,Casual,569
2,Member,2195
3,Casual,310
3,Member,1486
4,Casual,202
4,Member,1438
5,Casual,371
5,Member,3259
6,Casual,757
6,Member,8629
7,Casual,1399
7,Member,19233
8,Casual,3600
8,Member,42457
9,Casual,2696
9,Member,29413
10,Casual,2306
10,Member,19953
11,Casual,2743
11,Member,21951
12,Casual,3242
12,Member,24640
13,Casual,3314
13,Member,24434
14,Casual,3619
14,Member,25681
15,Casual,4503
15,Member,30721
16,Casual,5414
16,Member,42284
17,Casual,7137
17,Member,56203
18,Casual,5631
18,Member,41205
19,Casual,3753
19,Member,27333
20,Casual,2415
20,Member,19744
21,Casual,2011
21,Member,16285
22,Casual,1738
22,Member,12852
23,Casual,1340
23,Member,8120
