start_station,end_station,trips,avg_trip_min
Tommy Thompson Park (Leslie Street Spit),Tommy Thompson Park (Leslie Street Spit),285,63.213216374269
King St W / Charlotte St,King St W / Bay St (West Side),188,5.377127659574468
King St W / Portland St - SMART,King St W / Bay St (West Side),185,7.365765765765766
Front St W / Blue Jays Way,Union Station,160,4.378854166666667
St. George St / Bloor St W,Ursula Franklin St / St. George St - SMART,147,4.498639455782313
Frederick St / King St E,Front St W / Bay St (South Side),146,6.709018264840182
Ursula Franklin St / St. George St - SMART,St. George St / Bloor St W,140,4.366904761904762
Isabella St / Church St,Church St  / Wood St,139,3.825059952038369
Bathurst St/Queens Quay(Billy Bishop Airport),York St / Queens Quay W,139,8.437649880095922
Gould St / Mutual St,Mutual St / Shuter St,136,3.071936274509804
St. George St / Bloor St W,St. George St / Willcocks St,135,3.0658024691358023
Jarvis St / Richmond St E,Richmond St E / Yonge St,132,3.011616161616162
York St / Queens Quay W,Bathurst St/Queens Quay(Billy Bishop Airport),132,9.250126262626262
Bay St / Wellesley St W,Huron St / Harbord St,129,6.549870801033592
Widmer St / Adelaide St W - SMART,Temperance St Station,127,5.750656167979003
