weekday,user_type,trips,avg_trip_min
Friday,Casual,7322,14.745133387963216
Friday,Member,63841,11.297069542561468
Monday,Casual,11039,18.547486185342876
Monday,Member,82482,11.709682718653767
Saturday,Casual,9139,17.2327771090929
Saturday,Member,58309,11.622426783744077
Sunday,Casual,8800,19.557467803030303
Sunday,Member,51340,11.640808985845993
Thursday,Casual,7611,14.19181885866947
Thursday,Member,72609,11.54740688711684
Tuesday,Casual,9659,14.56332263519343
Tuesday,Member,86739,11.64416813659369
Wednesday,Casual,7135,13.904933426769446
Wednesday,Member,72346,11.498166910863535
