month,charges,sites_with_record,active_sites
2020-07,18804,50,50
2020-08,16089,49,50
2020-09,10010,49,50
2020-10,6941,49,50
2020-11,11049,39,44
2020-12,22180,50,51
2021-01,28231,50,50
2021-02,22860,50,50
2021-03,30466,50,50
2021-04,22568,50,50
2021-05,7992,54,58
2021-06,26566,40,42
2021-07,18619,46,48
2021-08,18113,50,50
2021-09,21242,50,50
2021-10,15686,52,54
2021-11,11516,26,26
2021-12,27188,48,49
2022-01,21681,50,50
2022-02,25666,50,50
2022-03,27290,50,50
2022-04,34152,57,60
2022-05,20052,58,63
2022-06,24549,50,50
2022-07,18825,50,50
2022-08,25223,50,49
2022-09,23163,50,50
2022-10,18953,55,55
2022-11,18056,57,56
2022-12,21362,56,56
2023-01,20955,51,52
2023-02,19752,74,74
2023-03,29888,75,75
2023-04,22719,75,75
2023-05,29796,75,75
2023-06,25557,75,75
2023-07,38502,101,101
2023-08,41552,87,89
2023-09,40967,74,75
2023-10,38630,72,73
2023-11,37469,74,73
2023-12,32999,77,76
2024-01,43789,74,74
2024-02,43966,76,76
2024-03,37581,75,75
2024-04,38000,94,64
2024-05,50774,104,104
2024-06,62296,75,75
2024-07,59073,76,76
2024-08,53372,76,76
2024-09,36873,75,75
2024-10,28699,84,84
2024-11,11524,93,93
2024-12,62725,78,78
2025-01,41476,95,96
2025-02,41917,120,121
2025-03,88848,138,138
2025-04,90788,152,152
2025-05,92107,149,151
2025-06,75522,148,149
2025-07,51195,137,150
2025-08,50204,128,146
2025-09,38846,143,146
2025-10,42540,128,146
2025-11,14722,129,145
