site_instance_id,site_code,location,ward,charges,months_reported
A207|Parkside Dr. South of Algonquin Ave.|2022-04-14,A207,Parkside Dr. South of Algonquin Ave.,4,70243,40
A409|Leslie St. North of Overland Dr.|2024-05-06,A409,Leslie St. North of Overland Dr.,15,29952,12
A205|The East Mall South of Faludon Court|2024-06-04,A205,The East Mall South of Faludon Court,3,28645,14
A436|Bloor St. W. East of Forest View Rd.|2024-12-02,A436,Bloor St. W. East of Forest View Rd.,2,26604,12
A499|Victoria Park Ave.  North of Southmead Rd.|2025-04-11,A499,Victoria Park Ave.  North of Southmead Rd.,16,26118,8
A496|Mortimer Ave. East of Carlaw Ave.|2025-02-10,A496,Mortimer Ave. East of Carlaw Ave.,14,25095,10
A449|Mount Pleasant Rd. Near South Dr.|2024-11-21,A449,Mount Pleasant Rd. Near South Dr.,11,24650,11
A225|O'Connor Dr. West of Lankin Blvd.|2025-02-07,A225,O'Connor Dr. West of Lankin Blvd.,14,23834,7
A334|Lower Jarvis St.  South of The Esplanade|2023-09-25,A334,Lower Jarvis St.  South of The Esplanade,10,22762,9
A083|Sheppard Ave. E. West of Don Mills Rd.|2020-12-10,A083,Sheppard Ave. E. West of Don Mills Rd.,17,21286,5
A371|Avenue Rd.  South of McMaster Ave.|2024-01-09,A371,Avenue Rd.  South of McMaster Ave.,11,20913,5
A426|McCowan Rd. South of Sandhurst Circle.|2024-04-18,A426,McCowan Rd. South of Sandhurst Circle.,23,19781,16
A172|Bathurst St. Near Ardmore Rd.|2024-05-29,A172,Bathurst St. Near Ardmore Rd.,12,18254,7
A498|Blythwood Rd. West of Strathgowan Cres.|2025-03-03,A498,Blythwood Rd. West of Strathgowan Cres.,15,18004,9
A374|Jonesville Cres.  West of Victoria Park Ave.|2024-01-10,A374,Jonesville Cres.  West of Victoria Park Ave.,16,16597,5
A450|Avenue Rd. Near Oaklands Ave.|2025-02-07,A450,Avenue Rd. Near Oaklands Ave.,12,16563,6
A457|Don Mills Rd. North of Lawrence Ave. E.|2024-11-20,A457,Don Mills Rd. North of Lawrence Ave. E.,16,16248,13
A282|Beecroft Rd.  Near Lorraine Dr.|2022-11-11,A282,Beecroft Rd.  Near Lorraine Dr.,18,14963,18
A477|Galloway Rd. South of Lawrence Ave. E.|2024-10-29,A477,Galloway Rd. South of Lawrence Ave. E.,24,14900,14
A313|Lawrence Ave. E.  Near Canlish Rd.|2023-02-28,A313,Lawrence Ave. E.  Near Canlish Rd.,21,13981,11
