Country,RevenueGBP,Orders,ActiveCustomers,UnitsSold,RevenueShare
United Kingdom,9025222.084,18019,3920,4662390,0.8461131522893568
Netherlands,285446.34,94,9,200361,0.026760549524319
EIRE,283453.96,288,3,147173,0.026573764212371183
Germany,228867.14,457,94,119261,0.0214562584143109
France,209715.11,392,87,112103,0.019660758611068568
Australia,138521.31,57,9,83901,0.012986351047375645
Spain,61577.11,90,30,27940,0.005772844387212807
Switzerland,57089.9,54,21,30629,0.005352169154764497
Belgium,41196.34,98,25,23237,0.0038621504020359258
Sweden,38378.33,36,8,36083,0.0035979624073150056
Japan,37416.369999999995,19,8,26016,0.0035077788084627165
Norway,36165.44,36,10,19336,0.003390504317514764
Portugal,33747.1,58,19,16258,0.0031637853224957993
Finland,22546.08,41,12,10704,0.0021136914574531175
Singapore,21279.29,7,1,5241,0.0019949300939971627
Channel Islands,20450.44,26,9,9491,0.0019172255367300003
Denmark,18955.34,18,9,8235,0.0017770601466471942
Italy,17483.24,38,14,8112,0.0016390510029505193
Hong Kong,15691.800000000001,11,0,4773,0.0014711037844300574
Cyprus,13590.38,16,8,6361,0.0012740959896151214
Austria,10198.68,17,11,4881,0.0009561246475350908
Israel,8135.26,8,3,4409,0.0007626793467494149
Poland,7334.65,19,6,3684,0.0006876222850450502
Greece,4760.52,5,4,1557,0.0004462980020045487
Unspecified,4749.79,13,4,3300,0.00044529206619049706
Iceland,4310.0,7,1,2458,0.000404061822792385
Canada,3666.38,6,4,2763,0.000343722548921008
USA,3580.39,5,4,2458,0.0003356609999321641
Malta,2725.59,5,2,970,0.00025552363424238904
United Arab Emirates,1902.28,3,2,982,0.00017833845110475595
Lebanon,1693.88,1,1,386,0.00015880098384955107
Lithuania,1661.06,4,1,652,0.00015572411400638491
European Community,1300.25,4,1,499,0.00012189823319856116
Brazil,1143.6,1,1,356,0.00010721232031215115
RSA,1002.3100000000001,1,1,351,9.39664050123052e-05
Czech Republic,826.74,2,1,671,7.750674509869521e-05
Bahrain,754.14,3,2,314,7.07005065059511e-05
Saudi Arabia,145.92,1,1,80,1.3679977072358426e-05
