Month,MonthStart,RevenueGBP,Orders,ActiveCustomers,UnitsSold,AverageOrderValueGBP
Dec 2010,2010-12-01,823746.14,1559,885,359239,528.3811032713278
Jan 2011,2011-01-01,691364.56,1086,741,387785,636.6156169429098
Feb 2011,2011-02-01,523631.89,1100,758,283555,476.0289909090909
Mar 2011,2011-03-01,717639.36,1454,974,377526,493.56214580467673
Apr 2011,2011-04-01,537808.621,1246,856,308815,431.62810674157305
May 2011,2011-05-01,770536.02,1681,1056,395738,458.3795478881618
Jun 2011,2011-06-01,761739.9,1533,991,389213,496.8949119373777
Jul 2011,2011-07-01,719221.191,1475,949,401759,487.60758711864406
Aug 2011,2011-08-01,759138.38,1361,935,421770,557.7798530492286
Sep 2011,2011-09-01,1058590.172,1837,1266,570820,576.2603004899293
Oct 2011,2011-10-01,1154979.3,2040,1364,623401,566.1663235294118
Nov 2011,2011-11-01,1509496.33,2769,1664,754507,545.1413253882268
Dec 2011,2011-12-01,638792.68,819,615,314248,779.9666422466423
