StockCode,Description,RevenueGBP,UnitsSold,Orders
22423,REGENCY CAKESTAND 3 TIER,174484.74,13879,1988
23843,"PAPER CRAFT , LITTLE BIRDIE",168469.6,80995,1
85123A,WHITE HANGING HEART T-LIGHT HOLDER,104340.29000000001,37599,2189
47566,PARTY BUNTING,99504.33,18295,1685
85099B,JUMBO BAG RED RETROSPOT,94340.05,48474,2089
23166,MEDIUM CERAMIC TOP STORAGE JAR,81700.92000000001,78033,247
23084,RABBIT NIGHT LIGHT,66964.99,30788,994
22086,PAPER CHAIN KIT 50'S CHRISTMAS ,64952.29,19355,1160
84879,ASSORTED COLOUR BIRD ORNAMENT,59094.93,36461,1455
79321,CHILLI LIGHTS,54117.76,10306,661
23298,SPOTTY BUNTING,42548.130000000005,8327,1140
22386,JUMBO BAG PINK POLKADOT,42436.24,21465,1218
21137,BLACK RECORD COVER FRAME,40652.13,11656,375
22502,PICNIC BASKET WICKER 60 PIECES,39619.5,61,2
23284,DOORMAT KEEP CALM AND COME IN,38166.64,5491,728
